r/actu,,,
r/actualite,,,
r/ActusMonde,,,
r/AgenceFrancePresse,,,
r/allopolice,,,
r/apdm,,,
r/Canada_News,,,
r/Canadian_News,,,
r/CONDENSE,,,
r/DZAER,,,
r/France_Actu_Debats,,,
r/francebbr,,,
r/FranceDigeste,,,
r/franceinfo,,,
r/infos_france,,,
r/journalisme,,,
r/lefigaro,,,
r/lesnewsletters,,,
r/maintenant,,,
r/NaskapiNews,,,
r/Newsfr,,,
r/NewsFromFrance,,,
r/nouvellesdumonde,,,
r/putaclic,,,
r/trollcave,,,
r/Aide_Etudes,,,
r/AstronomesAmateurs,,,
r/astrophotographie,,,
r/AujourdhuiJaiAppris,,,
r/CERN,,,
r/classes_prepas,,,
r/cned,,,
r/cnes,,,
r/culture_generale,,,
r/economie,,,
r/enseignants,,,
r/Etudiant,,,
r/francemeteo,,,
r/FranceSceptique,,,
r/frenchielawstudents,,,
r/FrenchMaths,,,
r/fuseefrancaise,,,
r/geographie,,,
r/NEW3DGE,,,
r/OVNI,,,
r/philosophie,,,
r/philosophie_pour_tous,,,
r/philosophieAnalytique,,,
r/rienabranler,,,
r/savoirs,,,
r/ScienceFrancais,,,
r/scolaire,,,
r/situationnistes,,,
r/vismaviedephilosophe,,,
r/zetetique,,,
r/AcadiaU,,,
r/Algonquin_College,,,
r/BCIT,,,
r/BrockU,,,
r/CarletonU,,,
r/Concordia,,,
r/Conestoga,,,
r/Dalhousie,,,
r/Dawson,,,
r/etsmtl,,,
r/Fanshawe,,,
r/geegees,,,
r/GeorgianCollege,,,
r/HEC,,,
r/Lakeheadu,,,
r/Langara,,,
r/Laurentian,,,
r/mcgill,,,
r/McMaster,,,
r/MemorialUniversity,,,
r/MohawkCollege,,,
r/MRU,,,
r/NiagaraCollege,,,
r/NSCC,,,
r/PolyMTL,,,
r/QueensUniversity,,,
r/Ryerson,,,
r/SAIT,,,
r/Seneca,,,
r/Sheridan,,,
r/SimonFraser,,,
r/SMUHalifax,,,
r/STFX,,,
r/StLawrenceCollege,,,
r/tmcc,,,
r/TrentUniversity,,,
r/UAlberta,,,
r/UBC,,,
r/ubco,,,
r/UBishops,,,
r/UCalgary,,,
r/UdeM,,,
r/UdeS,,,
r/ULeth,,,
r/UManitoba,,,
r/UofT,,,
r/UoGuelph,,,
r/UOIT,,,
r/UQAM,,,
r/usherbrooke,,,
r/UVic,,,
r/UWaterloo,,,
r/UWindsor,,,
r/Uwo,,,
r/Wlu,,,
r/YorkU,,,
r/EJM,,,
r/ENSCachan,,,
r/ensicaen,,,
r/EPFL,,,
r/Epitech,,,
r/ESGI,,,
r/isep,,,
r/prepaCPGE,,,
r/PSLUniversity,,,
r/sciencespo,,,
r/uboIT,,,
r/ULB,,,
r/UTCompiegne,,,
r/albumpanini,,,
r/archivesinsolites,,,
r/Frenchhistory,,,
r/Giscardpunk,,,
r/Histoire,,,
r/HistoireduQuebec,,,
r/michelinsign,,,
r/montrealhistory,,,
r/Napoleon,,,
r/Philatelie,,,
r/Aphorismes,,,
r/basque,,,
r/BeginnerFrench,,,
r/BretonFeed,,,
r/epistolRFrance,,,
r/ExpressionEcrite,,,
r/expressionsduquebec,,,
r/ExpressionsRance,,,
r/francophonie,,,
r/Frankish,,,
r/franponais,,,
r/franse,,,
r/franseliberale,,,
r/Franselibre,,,
r/French,,,
r/frenchhelp,,,
r/FrenchImmersion,,,
r/FrenchPrompts,,,
r/FrenchTeachers,,,
r/FrenchTutor,,,
r/Frenglish,,,
r/Gaulish,,,
r/GrosMots,,,
r/KouriVini,,,
r/language_exchange,,,
r/LANL_French,,,
r/LatinEuropa,,,
r/learnfrench,,,
r/merdiquetranslation,,,
r/occitan,,,
r/patamogle,,,
r/Pleasethiscorrect,,,
r/Prouvencau,,,
r/ratemyfrench,,,
r/rench,,,
r/RomanceLanguages,,,
r/SpeakStreakFR,,,
r/translator,,,
r/trouduction,,,
r/walloon_language,,,
r/writeStreak,,,
r/AntiChasse,,,
r/AquariumQc,,,
r/atounes,,,
r/chats,,,
r/chiens,,,
r/collapsologie,,,
r/CottagecoreFR,,,
r/Eclaireurs,,,
r/ecologie,,,
r/Ecologisme,,,
r/effondrement,,,
r/EmballageHumiliation,,,
r/FauneSauvage,,,
r/fetedelahaye,,,
r/fraise,,,
r/francedesouche,,,
r/IdeeFoireuse,,,
r/jardin,,,
r/JardinageQc,,,
r/la_campagne_en_fete,,,
r/mignonfr,,,
r/natounes,,,
r/Naturisme,,,
r/Patounes,,,
r/PlantesSauvages,,,
r/Sapin,,,
r/trocdeplantes,,,
r/TropDeBruit,,,
r/TropDeLumiere,,,
r/AnarchFrenchWorkshop,,,
r/anarchisme,,,
r/collagesfeministes,,,
r/Communisme,,,
r/ComplotDuDebile,,,
r/egalitarisme,,,
r/enfrancais,,,
r/EnoughLe_PenSpam,,,
r/feminicides,,,
r/Feminisme,,,
r/geopolitique,,,
r/masculinisme,,,
r/seddit,,,
r/Thinkerview,,,
r/Accropolis,,,
r/antiracisme,,,
r/assembleenationale,,,
r/begaudeau,,,
r/benvoyons,,,
r/BonPote,,,
r/Conciliabule,,,
r/conspiration,,,
r/DupontDeLigonnes,,,
r/EnMarche,,,
r/EnMarche2017,,,
r/EnMarcheArriere,,,
r/EricZemmour,,,
r/EricZemmourCommunity,,,
r/fellowfrenchmen,,,
r/FranceInsoumise,,,
r/franceliberale,,,
r/FranceMETA,,,
r/FranceNouvelle,,,
r/francerouge,,,
r/FrenchArmedForces,,,
r/Frencharmy,,,
r/FrenchForeignLegion,,,
r/FrenchMilitary,,,
r/frenchpolitics,,,
r/frenchrebels,,,
r/gendarmerienationale,,,
r/GentilsVirus,,,
r/giletsjaunes,,,
r/jancovici,,,
r/LaGauche,,,
r/Le_zemmour,,,
r/Libertariens_Francais,,,
r/lordon,,,
r/macronistes,,,
r/malfrance,,,
r/MarionMarechalLePen,,,
r/melenchon,,,
r/meprisdeclasse,,,
r/mercimacron,,,
r/MerdeInFrance,,,
r/MerdeInFrensoa,,,
r/MerdeInMerdeInFrance,,,
r/MFranceCampaigning,,,
r/nddl,,,
r/Neurchi_de_Zemmour,,,
r/nuitdebout,,,
r/PartiPirate,,,
r/pleurnicheries,,,
r/PoliceFR,,,
r/politiquefr,,,
r/politiquefrancaise,,,
r/quefaitlapolice,,,
r/RebootFrance,,,
r/Reconquete,,,
r/renseignement,,,
r/SarkoAuCachot,,,
r/the_enthoven,,,
r/truefrance,,,
r/UnBoldAirFrance,,,
r/unexpectedzemmour,,,
r/VieuxReacAigri,,,
r/zeleinfrance,,,
r/Zemmour,,,
r/514,,,
r/CanadaPolitics,,,
r/CanadaPublicServants,,,
r/CanadianPolitics,,,
r/GaucheContreDroite,,,
r/greveetudiante,,,
r/metaquebec,,,
r/NDP,,,
r/NLPolitics,,,
r/OuiQuebec,,,
r/partiquebecois,,,
r/PartiVertQuebec,,,
r/PiratePartyofCanada,,,
r/Quebec_Federaliste,,,
r/Quebec_Politics,,,
r/quebecbashing,,,
r/QuebecLibre,,,
r/QuebecPol,,,
r/QuebecSolidaire,,,
r/tagueule,,,
r/achatdurable,,,
r/AntiTaff,,,
r/antiworkquebec,,,
r/beermoneyFR,,,
r/bonsplansclub,,,
r/bonsplansduecommerc,,,
r/bricolage,,,
r/bricoleurs,,,
r/cac40bets,,,
r/Canadapennystocks,,,
r/Canadianinvestor,,,
r/conseiljuridique,,,
r/couponsFrance,,,
r/credit_immobilier,,,
r/cscareerquestionsFR,,,
r/djeuns,,,
r/doudous,,,
r/DreamjobMaroc,,,
r/droitdutravail,,,
r/Dropshipping_France,,,
r/EdmontonJobs,,,
r/Elles,,,
r/EmploisauQuebec,,,
r/endroit,,,
r/entrepreneurfrance,,,
r/entrepreneurstoikfr,,,
r/expatriation,,,
r/experts_du_chiffre,,,
r/famille,,,
r/FinanceQuebec,,,
r/FranceFIRE,,,
r/FrenchReps,,,
r/FrenchyReps,,,
r/frugalmontreal,,,
r/immobilier,,,
r/KoudetatAlumni,,,
r/LawQuebec,,,
r/levillagedelemploi,,,
r/LiminalSpaceFrance,,,
r/linvestisseurfrancais,,,
r/maquillage,,,
r/minimalisme,,,
r/MontrealJobs,,,
r/montres,,,
r/mythmakers,,,
r/NdFlex,,,
r/panierbleu,,,
r/parentalite,,,
r/ParentingFR,,,
r/ParentsAvecEnfant,,,
r/PersonalFinanceCanada,,,
r/PLUGGEUPHONFR,,,
r/Precarite,,,
r/projetperso,,,
r/publicitespourris,,,
r/skillsmag,,,
r/surdev,,,
r/teletravail,,,
r/TorontoJobs,,,
r/tunisianjobs,,,
r/tunisiePrix,,,
r/VancouverJobs,,,
r/venteenligneFrance,,,
r/vosfinances,,,
r/WallstreetsilverFR,,,
r/ahl_al_Kitab,,,
r/Bouddhisme,,,
r/Catholique,,,
r/CelticMythology,,,
r/exjwfr,,,
r/feuj,,,
r/GaulishPolytheism,,,
r/MuslimFrance,,,
r/retour_au_coran,,,
r/spirituellement,,,
r/anti_pass_sanitaire,,,
r/autismequebec,,,
r/BipolaireFR,,,
r/CoronavirusFR,,,
r/CoronavirusFrance,,,
r/CoronaVirusMontreal,,,
r/CoronavirusQuebec,,,
r/EndoFrance,,,
r/Psychanalyse,,,
r/sante_bien_etre,,,
r/soignants,,,
r/StopClopeTerrasse,,,
r/TDAHache,,,
r/TDAHFrance,,,
r/TroublesMentaux,,,
r/yoga_FR,,,
r/Coeursbrisesfr,,,
r/FemboyFrance,,,
r/FranceMeetic,,,
r/joyeuxfrerots,,,
r/lgbtfrance,,,
r/LgbtqiEtPlus,,,
r/queermontreal,,,
r/r4rCoquin,,,
r/SeductionFR,,,
r/SexualiteFR,,,
r/TinderFrance,,,
r/transgenre,,,
r/actutech,,,
r/ANAFI,,,
r/android_fr,,,
r/androidfrance,,,
r/annuaire,,,
r/arduino_raspPi_FR,,,
r/AutoHebergement,,,
r/Avenir,,,
r/BaPcSalesCanada,,,
r/bell,,,
r/BitcoinMTL,,,
r/Blaguesdemonteur,,,
r/canadacordcutters,,,
r/CanadaPS5,,,
r/CanadaXbox,,,
r/CanadianBroadband,,,
r/chromebook_fr,,,
r/CommentFaireUnGifMeta,,,
r/coutellerie,,,
r/CryptoFR,,,
r/cryptofrance,,,
r/cyberneurchi,,,
r/DebatSI24,,,
r/developpeurs,,,
r/DogecoinFrance,,,
r/drupalfr,,,
r/entraideinformatique,,,
r/excel_fr,,,
r/FizzMobile,,,
r/Fonus,,,
r/FRANCECRYPTOS,,,
r/FrenchTech,,,
r/FrMods,,,
r/GameSwapCanada,,,
r/geekfrance,,,
r/GiletJauneCoin,,,
r/impression3dfrance,,,
r/LaptopFR,,,
r/LeCoinDesGeeks,,,
r/LeGifFrancais,,,
r/lejournaldescrypto,,,
r/LindoApp,,,
r/LiteCoinFrance,,,
r/minitel,,,
r/minitelhacking,,,
r/ModCertification101FR,,,
r/Monero_Fr,,,
r/ndau,,,
r/NewfoundlandGamers,,,
r/NoBleme,,,
r/nps,,,
r/numworks,,,
r/numworksomega,,,
r/OracleJDBC,,,
r/PaxPc,,,
r/PedagoRique,,,
r/phpfr,,,
r/programmation,,,
r/Quebecoin,,,
r/Rogers,,,
r/RUGC_Montreal,,,
r/samsungfrance,,,
r/SEO_backlinks_France,,,
r/shaw,,,
r/Snapchatfrance,,,
r/socialmediafr,,,
r/StationF,,,
r/Sysadmin_Fr,,,
r/tapif,,,
r/Tech_FR,,,
r/Technologiefr,,,
r/teksavvy,,,
r/ubuntufr,,,
r/viePrivee,,,
r/VincentOS,,,
r/ViveFrance,,,
r/wasserstoff,,,
r/WebDevFrance,,,
r/Webfr,,,
r/airbus,,,
r/Arianespace,,,
r/ccg_gcc,,,
r/Citroen,,,
r/concorde,,,
r/EnculerLesVoitures,,,
r/ESA,,,
r/gcum,,,
r/LaPlaneteDeCaro,,,
r/MontrealCycling,,,
r/montrealtc,,,
r/motarddefrance,,,
r/motardie,,,
r/MotoMontreal,,,
r/pedale,,,
r/peugeot,,,
r/Renault,,,
r/RenaultEV,,,
r/TGV,,,
r/trottinetteelectrique,,,
r/vehicules_de_secours,,,
r/VehiculesElectriques,,,
r/Vilebrequin,,,
r/voiture,,,
r/voitures,,,
r/voyage,,,
r/voyageons,,,
r/VTTFrance,,,
r/allthingsfrench,,,
r/AnimeFR,,,
r/anti_art,,,
r/artetv,,,
r/AuServiceDeLaFrance,,,
r/bisbille,,,
r/CanadianFilm,,,
r/CanadianTV,,,
r/causerie,,,
r/CBC_Radio,,,
r/cestuntype,,,
r/christineandthequeens,,,
r/CinemaFrancais,,,
r/CNC_fr,,,
r/Coloriage,,,
r/ComicsFrance,,,
r/couture_tricot_fr,,,
r/cultedeslimbes,,,
r/culturepop,,,
r/dansunegalaxie,,,
r/Demande_Reddit_CA_Fr,,,
r/DragRace_Canada,,,
r/DragRaceFrance,,,
r/France_gif,,,
r/FrenchCulture,,,
r/frenchfilms,,,
r/FrenchKicks,,,
r/frenchspin,,,
r/frenchsubs,,,
r/frenchwardrobe,,,
r/Fripes,,,
r/fullforeignmovies,,,
r/godard,,,
r/grandestaillesclick,,,
r/Interstellar_fr,,,
r/kaamelott,,,
r/KarooMagazineCulturel,,,
r/kohlanta,,,
r/LaCalypsoArtGallery,,,
r/laclasseamericaine,,,
r/LePetitMusee,,,
r/LesCulturelsCreatifs,,,
r/lostmediasfr,,,
r/MAPR,,,
r/menuiserie,,,
r/metrage,,,
r/mode,,,
r/Mystique_Psychopompe,,,
r/NetflixFrance,,,
r/oss117,,,
r/partagephoto,,,
r/photographemariagepro,,,
r/PhotographeQuebec,,,
r/Photographie,,,
r/Photographique,,,
r/placefrance,,,
r/Quebecon,,,
r/scenario,,,
r/seriestele,,,
r/spectaclevivant,,,
r/streetartutopia,,,
r/TricotFrance,,,
r/tv_cinema_quebec,,,
r/VFQ,,,
r/Vieilleecoleclasse,,,
r/wikifranco,,,
r/WilliamShatner,,,
r/3bieres,,,
r/alaiseblaze,,,
r/amourchips,,,
r/FinDuGame,,,
r/FrenchHistoryPodcast,,,
r/FuzzHeavy,,,
r/mysterieuxetonnants,,,
r/podcastbelgium,,,
r/PodcastFR,,,
r/PodcastFrancais,,,
r/sousecoute,,,
r/afcm_lacuisine,,,
r/bellepatisserie,,,
r/BonneBouffe,,,
r/cayenne,,,
r/chocolatine,,,
r/Croissant,,,
r/croissantlovers,,,
r/cuisine,,,
r/FrenchRecipes,,,
r/fromage,,,
r/gastronomie,,,
r/hydromaisonnier,,,
r/ketofr,,,
r/Lechevin,,,
r/Macarons,,,
r/MemEtchebest,,,
r/painauchocolat,,,
r/petitpain,,,
r/pornourriture,,,
r/poutine,,,
r/poutinereviews,,,
r/Recettedegros,,,
r/recettesdejean,,,
r/rous,,,
r/VeganCH,,,
r/veganetfrancophone,,,
r/VeganFrance,,,
r/vegfr,,,
r/viennoiserie,,,
r/AddictionsFR,,,
r/BelgianBeer,,,
r/Bier,,,
r/BiereQc,,,
r/Bieresdefrance,,,
r/BoissonFermentee,,,
r/Brassage,,,
r/canadients,,,
r/cbd_fr,,,
r/champagne,,,
r/CHTrees,,,
r/clubdebiere,,,
r/Extacide,,,
r/fumeursdepipe,,,
r/Gazon,,,
r/MontrealEnts,,,
r/Pinard,,,
r/PsychonautFR,,,
r/quebectrees,,,
r/sqdc,,,
r/SwissTrees,,,
r/UnofficialSQDC,,,
r/ValDeRance,,,
r/Asterix,,,
r/backroomsfr,,,
r/baudelaire,,,
r/BDFrancophone,,,
r/calvinethobbes,,,
r/drkenshothreadhorreur,,,
r/druillet,,,
r/EnkiBilal,,,
r/Etiemble,,,
r/frenchliterature,,,
r/histoireshorreurfr,,,
r/histoireshorrifiques,,,
r/Horreur,,,
r/horreurrealiste,,,
r/johnshepp,,,
r/jules_verne,,,
r/LaHordeDuContrevent,,,
r/Litterature,,,
r/litteraturefrancaise,,,
r/litteraturequebec,,,
r/livreaudio,,,
r/Livres,,,
r/luckyluke,,,
r/M_jv_d,,,
r/mangafr,,,
r/marvelfrancophone,,,
r/NeuviemeArt,,,
r/No_SleepFR,,,
r/OCPoesie,,,
r/opinionnonpopulaire,,,
r/Poesie,,,
r/pulp_factory,,,
r/sadenietzsche,,,
r/Science_Friction,,,
r/ScienceFiction_FR,,,
r/Stendhal,,,
r/TheAdventuresofTintin,,,
r/thread,,,
r/threadhorreure,,,
r/webcomics_fr,,,
r/WritingPromptFR,,,
r/2latin4you,,,
r/9chatFR,,,
r/actu_memes,,,
r/AmiralPoitou,,,
r/ance,,,
r/assassineparlesmots,,,
r/autruche,,,
r/baguette,,,
r/beauf,,,
r/BELGICA,,,
r/Bellygareth,,,
r/BestOfRance,,,
r/bisounours,,,
r/blagues,,,
r/blaguesdepapa,,,
r/bleublancrouge,,,
r/branlenrond,,,
r/BUENZLI,,,
r/bussiere,,,
r/BussiereMemes,,,
r/CadavreExquisOuija,,,
r/CanadaPoliticsHumour,,,
r/CanloxLibre,,,
r/CaporalStrategique,,,
r/CJK_com,,,
r/Cocolin67,,,
r/commeDitLaJeuneMariee,,,
r/CommeMaBite,,,
r/CommuneDeReddit,,,
r/contrepeterie,,,
r/copiepates,,,
r/copierpates,,,
r/cursed_comment_fr,,,
r/cyrilmp4,,,
r/danktintinmemes,,,
r/deplusenplusverbeux,,,
r/drole,,,
r/ebec,,,
r/FabFrenchMemes,,,
r/FanClubDeShalli,,,
r/FranceBaiseOuais,,,
r/FranceCirclejerk,,,
r/Francedoesntexist,,,
r/FranceEnMono,,,
r/Francefrog,,,
r/FranceInter,,,
r/franceisntreal,,,
r/francememes,,,
r/francephobia,,,
r/FranceTranquille,,,
r/FrenchestHistoryMemes,,,
r/Frenchhistorymemes,,,
r/FrenchMemes,,,
r/FrenchRevolutionMemes,,,
r/fuzelevrai,,,
r/Gardiennage,,,
r/gngngngn,,,
r/Gorafigaro,,,
r/groland,,,
r/grospeks,,,
r/Guillotine,,,
r/horaire,,,
r/hummm,,,
r/Humour_en_tout_genre,,,
r/IdeesFolles,,,
r/ivrevirgule,,,
r/jememarre,,,
r/JeSuisEnCPEtCestDrole,,,
r/jesuistresintelligent,,,
r/jesuistresmauvaiscul,,,
r/JuropijanSpeling,,,
r/Kamoulox,,,
r/kopikol,,,
r/Korosif,,,
r/lacoche,,,
r/Le_Meme_Francais,,,
r/Le_sub_du_sale,,,
r/LeanJasalle,,,
r/ledelit,,,
r/LePerchoirAC,,,
r/les_fans_de_play,,,
r/LesOiseauxExistentPas,,,
r/Linkedinfr,,,
r/lolredit,,,
r/malaisetopie,,,
r/martine,,,
r/mauditcommentaire,,,
r/mdr_quebec,,,
r/mdrr,,,
r/memefr,,,
r/memes_fr,,,
r/memes_fra,,,
r/memes_surreels,,,
r/memesdecentralises,,,
r/MemesQuebec,,,
r/memestraduits,,,
r/metabarnak,,,
r/MetaMetaQuebec,,,
r/mimimif,,,
r/Moedansvravie,,,
r/moi_dlvv,,,
r/montvocor,,,
r/Naheulbeuk,,,
r/NapoleonMemes,,,
r/neuch_dlvv,,,
r/neurchi,,,
r/neurchidememes,,,
r/NIQUETAMERE,,,
r/OccisParLeCompost,,,
r/okcopainattard,,,
r/okcupidfr,,,
r/olivier_irl,,,
r/palmashow,,,
r/PartiSauvage,,,
r/PasJournalDeMourreal,,,
r/paslegorafi,,,
r/paslenavet,,,
r/Perry75,,,
r/PerusseInattendu,,,
r/PetitsPlaisirs,,,
r/pffchaispas,,,
r/pierremortelfr,,,
r/PneuDeRechange,,,
r/PrenezUneChambre,,,
r/PrisonCornue,,,
r/Provinceball,,,
r/quandle,,,
r/RafiFamily,,,
r/rance,,,
r/rance_iel,,,
r/realfrance,,,
r/redditarou,,,
r/SansDecPoirot,,,
r/sbeubbie,,,
r/SendNupes,,,
r/serveuranickdiscord,,,
r/shittyfrenchadvice,,,
r/Skrybawka,,,
r/srsphilosophy,,,
r/SuddenlyFrench,,,
r/suisjeletroudeballe,,,
r/SylvainVasseur,,,
r/Tabarnakk,,,
r/termiluluetlesepervie,,,
r/The_Bogdanoff,,,
r/trucsmoches,,,
r/tunavaisquuntravail,,,
r/Twitterfr,,,
r/unexpectedfrench,,,
r/vdm,,,
r/vieillicommedulait,,,
r/vieuxcons,,,
r/VousAvezQuatreHeures,,,
r/wet_ognions,,,
r/wouche,,,
r/zdd,,,
r/Zorro01fr,,,
r/AirsoftBelgium,,,
r/BoardgamesQC,,,
r/CanadaCoasterFan,,,
r/cemantix,,,
r/cmhocpress,,,
r/cnrm,,,
r/DonjonsEtDragonsFR,,,
r/echecs,,,
r/jdr,,,
r/jeuairfrance,,,
r/jeudeplateau,,,
r/le_gamer_club,,,
r/motscroises,,,
r/MTL_DnD,,,
r/numerovoisin,,,
r/PortesDeSalem_JDR,,,
r/ranm,,,
r/ShripomnJeuDeCartes,,,
r/TableVirtuelle,,,
r/1lexi_slv_skyrim,,,
r/AnimalCrossingFrance,,,
r/BFFR,,,
r/CallOfDutyMobileFR,,,
r/caverne_jeux_video,,,
r/civ_montreal,,,
r/ClashRoyaleFrance,,,
r/couillonsimulator,,,
r/CSFrance,,,
r/CSGOesportfrance,,,
r/CSGOfrance,,,
r/DBS_Cardgame_FR,,,
r/dofus_france,,,
r/Dota2France,,,
r/Eldarya,,,
r/eldenringfr,,,
r/EmpireCorsairs,,,
r/ENLfr,,,
r/esportsmontreal,,,
r/EveFR,,,
r/FactorioFrance,,,
r/FCFC,,,
r/FortniteFr,,,
r/FortniteFrance,,,
r/frenchside,,,
r/Fuze,,,
r/gamecodeur,,,
r/gamedevfr,,,
r/GamingQuebec,,,
r/GuidesJV,,,
r/HCFRENCH,,,
r/HearthstoneFrance,,,
r/honhonhon,,,
r/HytaleFrance,,,
r/Ingress_ENL_Lyon,,,
r/Jeux,,,
r/jeuxvideo,,,
r/kcorp,,,
r/Minecraft_France,,,
r/MinecraftFR,,,
r/MinecraftFrance,,,
r/NantesEsport,,,
r/NationsGlory,,,
r/NMSFrance,,,
r/OnePieceTCFR,,,
r/OverwatchFR,,,
r/pariseternal,,,
r/PathOfExileFR,,,
r/PokeDraco,,,
r/pokemonfr,,,
r/pokemongo_quebec,,,
r/PokemonGoFrance,,,
r/pokemongomontreal,,,
r/PokemonGoQuebec,,,
r/Qcstreamfail,,,
r/reddeadonlinetriks,,,
r/ResFr,,,
r/rolisteam,,,
r/Sakura_Game,,,
r/ShadowrunMiami,,,
r/simracingfr,,,
r/sorarefr,,,
r/StarCitizenFrance,,,
r/SteinsGateFrance,,,
r/superpowers_fr,,,
r/TC2SharingCommunity,,,
r/TheLongestGameEver2FR,,,
r/TwitchFR,,,
r/valorantfr,,,
r/WarhammerFrance,,,
r/wowfrance,,,
r/zakyphren,,,
r/444nuits,,,
r/667,,,
r/Alizee,,,
r/AlizeePictures,,,
r/B2oba,,,
r/boardsofcanada,,,
r/CanadianMetal,,,
r/CanadianMusic,,,
r/carpenterbrut,,,
r/ChansonFrancaise,,,
r/cornemuse,,,
r/Daftpunk,,,
r/Dalida,,,
r/davidguetta,,,
r/EcouteCa,,,
r/ecoutececi,,,
r/ecouter_mix_techno,,,
r/electrobycm,,,
r/Fakear,,,
r/fandetriyann,,,
r/FranceGall,,,
r/FranceUltraLibre,,,
r/French_House,,,
r/french_music,,,
r/Frenchaltmusic,,,
r/frenchelectro,,,
r/FrenchHipHopVinyl,,,
r/FrenchHouse,,,
r/FrenchHouseProduction,,,
r/frenchmetal,,,
r/frenchrap,,,
r/frenchtouch,,,
r/FrenchTrap,,,
r/GoodEvening,,,
r/InstrumentsduMonde,,,
r/JoeDassin,,,
r/JusticeMusic,,,
r/Kavinsky,,,
r/kikizo,,,
r/Lomepal,,,
r/LundiPlaylist,,,
r/MFPMPPJWFA,,,
r/montrealmusic,,,
r/musiqc,,,
r/musique,,,
r/musiquedegauche,,,
r/musiquefrancaise,,,
r/musiqueinternationale,,,
r/Musiques,,,
r/mylenefarmer,,,
r/nekfeu,,,
r/orelsan,,,
r/Perturbator,,,
r/PNL,,,
r/pomme_music,,,
r/QuebecMusique,,,
r/rapqueb,,,
r/RapUSFrance,,,
r/SoundOfThePolice,,,
r/Stupeflip,,,
r/superbus,,,
r/vald,,,
r/vitaafr,,,
r/yelle,,,
r/ZZCCMXTP,,,
r/310lexaa,,,
r/AgatheAuprouxFR,,,
r/AlysonDacher,,,
r/angelinajolie,,,
r/belgiumgonewild,,,
r/CamgirlFR,,,
r/candicepascal,,,
r/ClementineDelauney,,,
r/Dirtypenpals_France,,,
r/Draghixa_Laurent,,,
r/EmmaParis,,,
r/enjoyphoenix,,,
r/FantasmeAuditif,,,
r/frenchcock,,,
r/FrenchFilles,,,
r/frenchgay,,,
r/FrenchGirl,,,
r/FrenchGoneWild,,,
r/frenchpussy,,,
r/gonewildcanada,,,
r/ilonaalnpic,,,
r/InfluenceuseHot,,,
r/IrisMittenaere,,,
r/Issoutv,,,
r/jessicaalba,,,
r/justezoe01,,,
r/Les_Gourmands,,,
r/Louane,,,
r/Maghla_twitch,,,
r/meh_boulaa,,,
r/MyriamLemay,,,
r/nayabhtt,,,
r/niklynaked,,,
r/peachymely,,,
r/planculentremecs,,,
r/PoneyGonflable,,,
r/Pornfr,,,
r/Poupeesdunet,,,
r/priscillia_dmnt,,,
r/puceaumoi,,,
r/QuebecPorn,,,
r/r4rmontreal,,,
r/Rpapopidi,,,
r/sissybelgium,,,
r/Swannperisse,,,
r/tetonsatateratatons,,,
r/TrouDuCuldela208,,,
r/alainprost,,,
r/Alouettes,,,
r/Armes_a_feu,,,
r/asmonaco,,,
r/ASSaintEtienne,,,
r/bleau,,,
r/CalgaryFlames,,,
r/CanadaHunting,,,
r/CanadaSoccer,,,
r/CanadianPL,,,
r/Canucks,,,
r/CFL,,,
r/chasse,,,
r/Curling,,,
r/EdmontonOilers,,,
r/EnAvantdeGuingamp,,,
r/EquipeDeFrance,,,
r/expos,,,
r/FCNantes,,,
r/ffhandball,,,
r/FishingOntario,,,
r/FitnessFrance,,,
r/FootballBritannique,,,
r/FrancePMU,,,
r/FrenchTop14Rugby,,,
r/grimpe,,,
r/Habs,,,
r/Hockey,,,
r/HockeyFrance,,,
r/Leafs,,,
r/lemans,,,
r/Ligue1,,,
r/LOSC,,,
r/monacofc,,,
r/montrealimpact,,,
r/ogcnice,,,
r/olland,,,
r/olympiquedemarseille,,,
r/OlympiqueLyonnais,,,
r/OttawaSenators,,,
r/Petanque,,,
r/piedballon,,,
r/plongee,,,
r/psg,,,
r/quefontleschasseurs,,,
r/randonneur,,,
r/rclens,,,
r/RedStarFC,,,
r/RenaultSportF1,,,
r/RugbyNationaleFFR,,,
r/runningfr,,,
r/smcaen,,,
r/SpartanRaceCastellet,,,
r/Sportfr,,,
r/SportsFR,,,
r/TeamCanada,,,
r/TFC,,,
r/TheGreatGasly,,,
r/Top_14,,,
r/TorontoBlueJays,,,
r/TorontoRaptors,,,
r/toulousefc,,,
r/tourdefrance,,,
r/trekkingfrance,,,
r/ultimatefrance,,,
r/voile,,,
r/WhitecapsFC,,,
r/WinnipegJets,,,
r/AlphaCast,,,
r/AntoineDaniel,,,
r/apoxpidi,,,
r/arel3,,,
r/AstronoGeek,,,
r/BobLennon,,,
r/Castelbon,,,
r/culturation,,,
r/cyprien,,,
r/dirtybiology,,,
r/dragonenrage,,,
r/Etoiles,,,
r/generiques,,,
r/GMK,,,
r/inoxtag,,,
r/JirayaTV,,,
r/jlamarute,,,
r/joueurdugrenier,,,
r/Joyca,,,
r/JuliaBayoneta,,,
r/kameto,,,
r/Les_Deux_Murray,,,
r/livestreamfailsfr,,,
r/MaxEstLa,,,
r/Melchior,,,
r/ninjaxxfake,,,
r/PonceFleur,,,
r/pubtwitch,,,
r/Sardoche,,,
r/Siphano,,,
r/SQUEEZIE,,,
r/taylorsalez,,,
r/tiktokfrance,,,
r/VideosDeRepas,,,
r/VtuberFRShitpost,,,
r/wankil,,,
r/Xari,,,
r/YOUTUBEMEMESFR,,,
r/ytbe,,,
r/zankioh,,,
r/ZeratoR,,,
r/ZEvent,,,
r/Arlon,,,
r/belgians,,,
r/belgium,,,
r/BelgiumPics,,,
r/brussels,,,
r/Bruxelles,,,
r/BruxellesMaBelle,,,
r/charleroi,,,
r/FransVlaanderen,,,
r/ImagesOfBelgium,,,
r/Liege,,,
r/Mons,,,
r/namur,,,
r/provlux,,,
r/Tournai,,,
r/Wallonia,,,
r/fr_FR,,,
r/francais,,,
r/france,,,
r/france3,,,
r/FrancePics,,,
r/franceplace,,,
r/francetourisme,,,
r/ImagesOfFrance,,,
r/lafrance,,,
r/NouvelleFrance,,,
r/urbex_france,,,
r/Allier03,,,
r/Annecy,,,
r/ardeche,,,
r/Bourbonnais,,,
r/bresnay,,,
r/chamonix,,,
r/clermontfd,,,
r/Grenoble,,,
r/JustLyonThings,,,
r/Loire,,,
r/Lyon,,,
r/PuyEnVelay,,,
r/RhoneWild,,,
r/roanne,,,
r/saintchamond,,,
r/Sainte,,,
r/saintetienne,,,
r/saugeais,,,
r/savoie,,,
r/Tomorrowland,,,
r/belfort,,,
r/besancon,,,
r/bourgognefranchecomte,,,
r/dijon,,,
r/Dijon_Bourgogne,,,
r/DOLE,,,
r/Doubs,,,
r/franchecomte,,,
r/lejura,,,
r/montbeliard,,,
r/Nevers,,,
r/Pontarlier,,,
r/binic,,,
r/Bretagne,,,
r/BretagneLibre,,,
r/celts,,,
r/LeJuch,,,
r/me_egb,,,
r/memesbretons,,,
r/Port_Louis,,,
r/Rennes,,,
r/unexpectedgwennhadu,,,
r/bourges,,,
r/MontlouissurLoire,,,
r/Touraine,,,
r/TOURS,,,
r/Corsica,,,
r/alsace,,,
r/Bretten,,,
r/Colmar,,,
r/dossenheim,,,
r/Elsass,,,
r/FCMetz,,,
r/lorraine,,,
r/Lorraine,,,
r/Metz,,,
r/mulhouse,,,
r/nancy,,,
r/plattdeutsch,,,
r/Reims,,,
r/Strasbourg,,,
r/troyes,,,
r/amiens,,,
r/Dunkerque,,,
r/Hauts_de_France,,,
r/Lille,,,
r/Roubaix,,,
r/valenciennes,,,
r/askparis,,,
r/boulognebillancourt,,,
r/clichy,,,
r/courbevoie,,,
r/disneylandparis,,,
r/EVRY,,,
r/gifsuryvette,,,
r/GrandParis,,,
r/igny,,,
r/iledefrance,,,
r/kta,,,
r/LaDefense,,,
r/LevalloisPerret,,,
r/montreuil,,,
r/orly,,,
r/Paname,,,
r/paris,,,
r/ParisCatacombs,,,
r/pariscirclejerk,,,
r/parisianmasterrace,,,
r/ParisLife,,,
r/ParisOneStepBeyond,,,
r/parisphoto,,,
r/ParisPics,,,
r/ParisSaclay,,,
r/ParisTravel,,,
r/ParisTravelGuide,,,
r/Rambouillet,,,
r/saintouen,,,
r/ValDeMarne,,,
r/Yvelines,,,
r/Alencon,,,
r/Argentan,,,
r/bayeuxtapestry,,,
r/bayeuxteppich,,,
r/Caen,,,
r/Cherbourg,,,
r/Evreux,,,
r/fecamp,,,
r/Lisieux,,,
r/MortagnePerche,,,
r/Normandie,,,
r/rouen,,,
r/VireNormandie,,,
r/Angouleme,,,
r/basquecountry,,,
r/bergerac,,,
r/Biarritz,,,
r/bordeaux,,,
r/bordeauxmetropole,,,
r/Euskadi,,,
r/euskalherria,,,
r/la_rochelle,,,
r/lacanau,,,
r/Landes,,,
r/Limoges,,,
r/paysbasque,,,
r/perigueux,,,
r/Poitiers,,,
r/SaintPoitiersbourg,,,
r/villedelacanau,,,
r/ariege,,,
r/arriege,,,
r/HommeDuGard,,,
r/jardins_au_naturel_66,,,
r/Montpellier,,,
r/MontpellierRencontres,,,
r/occitania,,,
r/occitanie,,,
r/Perpignan,,,
r/perpinya,,,
r/Tarn,,,
r/toulouse,,,
r/Anjou,,,
r/Nantes,,,
r/nantes_geotrouveur,,,
r/NantesLive,,,
r/paysdelaloire,,,
r/reze,,,
r/aixenprovence,,,
r/aixmarseille,,,
r/antibes,,,
r/avignon,,,
r/cannes,,,
r/HautesAlpes,,,
r/marseille,,,
r/MetropoleTPM,,,
r/nicefrance,,,
r/Pertuis,,,
r/ProvenceFrance,,,
r/Toulon,,,
r/vardepartement,,,
r/suisse,,,
r/swissholidays,,,
r/CantonDeNeuchatel,,,
r/geneva,,,
r/Lausanne,,,
r/neuchatel,,,
r/vaud,,,
r/AMA_FR,,,
r/Amicale,,,
r/AskFrance,,,
r/AskRedditfr,,,
r/banalites,,,
r/besoindeparler,,,
r/CafeDebat,,,
r/casualcanada,,,
r/CasualFrance,,,
r/debats,,,
r/demandezreddit,,,
r/deRetdEauFraiche,,,
r/forumlibre,,,
r/france6,,,
r/FranceDetendue,,,
r/FrenchBI,,,
r/jaiunequestion,,,
r/LBAQR,,,
r/lecafe,,,
r/LeNid,,,
r/LetsNotMeetFR,,,
r/nantessocialclub,,,
r/Palabres,,,
r/PasDeQuestionIdiote,,,
r/SocialFrance,,,
r/SocialParis,,,
r/TrueRedditFrance,,,
r/YahooQR,,,
r/Afrique,,,
r/AlgeriaPics,,,
r/algerie,,,
r/Benin,,,
r/BurkinaFaso,,,
r/Cameroun,,,
r/Canalactu,,,
r/Congo,,,
r/Cotedivoire,,,
r/Djibouti,,,
r/Maghreb,,,
r/Mali,,,
r/maroc,,,
r/MoroccoPics,,,
r/Niger,,,
r/portgentil,,,
r/RepublicofCongo,,,
r/SenDiaspora,,,
r/Senegal,,,
r/senegalpics,,,
r/SeneWeb,,,
r/Togo,,,
r/Tunisia,,,
r/CajunFrench,,,
r/CajunHistory,,,
r/EnAmerique,,,
r/saintpierreetmiquelon,,,
r/canada,,,
r/canada_fr,,,
r/canadawhisky,,,
r/CanadianFrancais,,,
r/CanadiensFrancais,,,
r/FrancaisCanadien,,,
r/FreeCanada,,,
r/LibertarianCA,,,
r/onguardforthee,,,
r/TrueNorthPictures,,,
r/Alberta,,,
r/Calgary,,,
r/Edmonton,,,
r/FortMac,,,
r/Lethbridge,,,
r/MedicineHat,,,
r/RedDeer,,,
r/SherwoodPark,,,
r/Yintah,,,
r/PEI,,,
r/Carberry,,,
r/FlinFlon,,,
r/Manitoba,,,
r/Winnipeg,,,
r/acadie,,,
r/dieppe,,,
r/Fredericton,,,
r/Moncton,,,
r/newbrunswickcanada,,,
r/SaintJohnNB,,,
r/AnnapolisValley,,,
r/CapeBreton,,,
r/Halifax,,,
r/NewGlasgow,,,
r/NovaScotia,,,
r/Nunavut,,,
r/Barrie,,,
r/Brampton,,,
r/Brantford,,,
r/BurlingtonON,,,
r/Durham,,,
r/francoontarien,,,
r/Guelph,,,
r/Hamilton,,,
r/KingstonOntario,,,
r/Kitchener,,,
r/LondonOntario,,,
r/Markham,,,
r/Milton,,,
r/Mississauga,,,
r/Newmarket,,,
r/Niagara,,,
r/NiagaraFallsOntario,,,
r/NorthBay,,,
r/Oakville,,,
r/Ontario,,,
r/OnWineMemes,,,
r/orleans,,,
r/Oshawa,,,
r/Ottawa,,,
r/ParrySound,,,
r/Peterborough,,,
r/Pickering,,,
r/porthope,,,
r/Sarnia,,,
r/SaultSteMarie,,,
r/Scarborough,,,
r/southwesternontario,,,
r/StratfordOntario,,,
r/StThomasOntario,,,
r/Sudbury,,,
r/ThunderBay,,,
r/Toronto,,,
r/Vaughan,,,
r/Waterloo,,,
r/WindsorOntario,,,
r/Abitibi,,,
r/Askaquebecer,,,
r/Beauce,,,
r/Gaspesie,,,
r/LaBelleProvince,,,
r/Outaouais,,,
r/Quebec,,,
r/Blainville,,,
r/brossard,,,
r/Candiac,,,
r/Chambly,,,
r/ChelseaQC,,,
r/Eurokracy,,,
r/Gatineau,,,
r/Gatineaushitpost,,,
r/granby,,,
r/Lachute,,,
r/LaPrairie,,,
r/Laval,,,
r/Longueuil,,,
r/Magog,,,
r/Mascouche,,,
r/matane,,,
r/Mistissini,,,
r/montreal,,,
r/montreal4all,,,
r/montrealhousing,,,
r/Mtl,,,
r/NorthHatley,,,
r/ProposMontreal,,,
r/quebeccity,,,
r/Repentigny,,,
r/Rimouski,,,
r/riviereduloup,,,
r/SaintJerome,,,
r/Sherbrooke,,,
r/Sherokan,,,
r/Terrebonne,,,
r/ThetfordMines,,,
r/troisrivieres,,,
r/ValDesMonts,,,
r/valleyfield,,,
r/Vaudreuil,,,
r/VeganMontreal,,,
r/VisitMontreal,,,
r/Ahuntsic,,,
r/DollarddesOrmeaux,,,
r/Hochelaga,,,
r/limoilou,,,
r/pteclaire,,,
r/RosePatrie,,,
r/verdun,,,
r/Villelasalle,,,
r/WestIslandMTL,,,
r/MooseJaw,,,
r/Regina,,,
r/Saskatchewan,,,
r/Saskatoon,,,
r/709music,,,
r/CBNL,,,
r/newfoundland,,,
r/paradisenl,,,
r/StJohnsNL,,,
r/ViciousVinlandMemes,,,
r/NWT,,,
r/Yellowknife,,,
r/Yukon,,,
r/frenchguiana,,,
r/FrenchWestIndies,,,
r/Guadeloupe,,,
r/Guyane,,,
r/Haiti,,,
r/LatinAmerica,,,
r/Madinina,,,
r/martiniqueisland,,,
r/saintbarthelemy,,,
r/saintmaarten,,,
r/Asiecentrale,,,
r/JaponFR,,,
r/lebaneseimmigrants,,,
r/lebanon,,,
r/LebanonPics,,,
r/Comoros,,,
r/Kerguelen,,,
r/LaReunion,,,
r/Madagascar,,,
r/Mayotte,,,
r/Pitondelafournaise,,,
r/reunionisland,,,
r/Clipperton,,,
r/Nouvellecaledonie,,,
r/Polynesia,,,
r/Tahiti,,,
r/wallisetfutuna,,,
r/1825,,,
r/20sur20_coef_10_svp,,,
r/2celtic4you,,,
r/2mediterranean4you,,,
r/2MSF,,,
r/2sucres,,,
r/2SucresV2,,,
r/905,,,
r/ACAD,,,
r/Acheter_Testo_Ultra,,,
r/ACMontrealInc,,,
r/Actu_,,,
r/actusfr,,,
r/ados,,,
r/AFD_tweets,,,
r/agen,,,
r/agilefr,,,
r/aideauxdevoirs,,,
r/airbushelicopters,,,
r/AJA,,,
r/AJEstUnCon,,,
r/albertcamus,,,
r/Algereddit,,,
r/algeria_birds,,,
r/Alimentation,,,
r/AlternativesToGafam,,,
r/amixem,,,
r/Amixem_sur_reddit,,,
r/Anatomiedunrapport,,,
r/AncienFrancais,,,
r/anglais,,,
r/annuaire_culture,,,
r/annuaire_geo,,,
r/annuaire_jeux,,,
r/anqm,,,
r/antiparis,,,
r/antisionisme,,,
r/AnythingGoesCanada,,,
r/AppleFrance,,,
r/Aquitaine,,,
r/arabedrole,,,
r/arbres,,,
r/ArianeMasterrace,,,
r/Armagh,,,
r/Armand_et_Rolande,,,
r/ArmeeFrancaise,,,
r/ArtAleatoire,,,
r/AskMontreal,,,
r/AskRedditFrancais,,,
r/AssocialFrance,,,
r/assurances,,,
r/AstridNelsia,,,
r/Astronomie,,,
r/AthleticsFit,,,
r/audelaleudox,,,
r/Autisme_France,,,
r/Auvergne,,,
r/Avene,,,
r/Aylmer,,,
r/aymaide_fr,,,
r/barbiefrancais,,,
r/basketFrance,,,
r/BastilleSaintAntoine,,,
r/bayonne,,,
r/bearn,,,
r/BeermoneyFrance,,,
r/belgique,,,
r/besoindetroller,,,
r/BestOfFrance,,,
r/bethune,,,
r/beurette,,,
r/BienEtre,,,
r/bienvenue,,,
r/BikingMontreal,,,
r/BistenenLorraine,,,
r/bitcoinfr,,,
r/bitcoinfrance,,,
r/BitcoinSVFrance,,,
r/bivores,,,
r/bivouac,,,
r/blagnac,,,
r/blaguesenfrancais,,,
r/BLMQC,,,
r/Boisbriand,,,
r/BonPrixMontreal,,,
r/Boucherville,,,
r/Bourgogne,,,
r/branlerond,,,
r/branletteencercle,,,
r/branletteentrehomme,,,
r/branletteentremecs,,,
r/branlettefamiliale,,,
r/branlettefr,,,
r/branlettepote,,,
r/brassageamateur,,,
r/BreilMaineetLoire,,,
r/breizh,,,
r/Brest,,,
r/Breton,,,
r/Brezhoneg,,,
r/brutmedia,,,
r/cafedessciences,,,
r/Calagan,,,
r/CalgaryJobs,,,
r/CanadianClassicRock,,,
r/CanadianNetflixBestOf,,,
r/CanadianNSFW,,,
r/Canettes,,,
r/CannabisQC,,,
r/CannesFilmFestival,,,
r/canneslions,,,
r/CapdAgde,,,
r/CapU,,,
r/casablanca,,,
r/CCJVQ,,,
r/CEGEP,,,
r/Celebrites,,,
r/CelebsFrance,,,
r/CelineDion,,,
r/centreduquebec,,,
r/Cerclequebec,,,
r/chadsseulement,,,
r/chambery,,,
r/charentaise,,,
r/CharlotteGainsbourg,,,
r/Charlottetown,,,
r/chasse_sous_marine,,,
r/chasseur,,,
r/Chateauguay,,,
r/ChathamKent,,,
r/Chiac,,,
r/chibougamau,,,
r/Chicoutimi,,,
r/Chimie,,,
r/chomage,,,
r/cinemacinema,,,
r/cinemafr,,,
r/circlejerkquebec,,,
r/CityMorgueFrance,,,
r/CityofLakes,,,
r/clan_politique,,,
r/ClashRoyaleFR,,,
r/cmhoc,,,
r/CMHoCGE10,,,
r/CMHoCQuebec,,,
r/codepromo,,,
r/CoeursBrisesDeFrance,,,
r/ComVentotene,,,
r/ConnardsDeParisiens,,,
r/ContesLegendesArf,,,
r/cousinhub,,,
r/COVID_CANADA,,,
r/covidskepticscanada,,,
r/Creelands,,,
r/cryptomonnaies,,,
r/cuisinefrancaise,,,
r/Cultube,,,
r/CybSecTIA,,,
r/DartmouthNovaScotia,,,
r/Dat_Jeff,,,
r/Debatdeshauts,,,
r/Delisle,,,
r/DemandeAReddit,,,
r/Denendeh,,,
r/denyzee,,,
r/deshistoires,,,
r/Developpementperso,,,
r/developpeur,,,
r/Dieu,,,
r/Dinosaure,,,
r/DiscussionPolitique,,,
r/Divertissement,,,
r/DIYeurs,,,
r/django_france,,,
r/DNMFr,,,
r/DOFUSfr,,,
r/DormirMoinsBete,,,
r/Dorval,,,
r/Drogue,,,
r/drogues,,,
r/droit,,,
r/droits,,,
r/dumondeaubalcon,,,
r/easy_french,,,
r/ecriture,,,
r/Ecrivainenherbe,,,
r/EdithPiaf,,,
r/Electromenager,,,
r/elitedelanation,,,
r/emilezola,,,
r/emploi,,,
r/EnculesDeProvinciaux,,,
r/EnlightenedFrance,,,
r/EnlightenedGrandEst,,,
r/EnTouteModestie,,,
r/Environnement,,,
r/eowhyn,,,
r/epfleconomie,,,
r/esipe,,,
r/esportfr,,,
r/Etudevirologie,,,
r/etudiants,,,
r/exemplefrlib,,,
r/expertspourle3elien,,,
r/extjfr,,,
r/FabriqueDeSous,,,
r/FanclubDeChefVautour,,,
r/fauxavis,,,
r/Feldup,,,
r/femmesfrancaises,,,
r/FiascoQc,,,
r/FilmsFR,,,
r/fitlift,,,
r/FLB,,,
r/Foodpoliticsincanada,,,
r/footballfr,,,
r/FootFrance,,,
r/formationpro,,,
r/fpq,,,
r/fr,,,
r/Fran,,,
r/francais_sub,,,
r/FrancaisDuQuebec,,,
r/Francaise,,,
r/france_apolitique,,,
r/France_Culture,,,
r/france2,,,
r/FRANCE24auto,,,
r/FranceActu,,,
r/FranceBlowjobSurprise,,,
r/Francebook,,,
r/FranceBoule,,,
r/francecensure,,,
r/FranceDechainee,,,
r/FranceDeDemain,,,
r/francedeleted,,,
r/FranceDetention,,,
r/Francedirtyr4r,,,
r/FranceDramaSphere,,,
r/FranceEnchainee,,,
r/francefunny,,,
r/FranceGW,,,
r/FranceLeBolchevik,,,
r/francememes_,,,
r/FranceModeration,,,
r/francephotographie,,,
r/FranceR4R,,,
r/FranceSucks,,,
r/francevraimentlibre,,,
r/FranceWorld,,,
r/FranceWorstNation,,,
r/Francophone,,,
r/frandroid,,,
r/FrandroidBonsPlans,,,
r/Franglish,,,
r/frankreich,,,
r/FreeuseFrancais,,,
r/frejus,,,
r/French_News,,,
r/French_nudes,,,
r/french_urbex,,,
r/frenchally,,,
r/FrenchBaguette,,,
r/FrenchesMILFs,,,
r/frenchfood,,,
r/FrenchFoods,,,
r/FrenchInVideos,,,
r/FrenchJokes,,,
r/frenchmusique,,,
r/frenchnaughtypassion,,,
r/FrenchNSFW,,,
r/FrenchOpen,,,
r/frenchopentennis,,,
r/frenchpatisserie,,,
r/frenchpeople,,,
r/frenchpeoplehate,,,
r/FrenchPeopleTwitter,,,
r/frenchpornhub,,,
r/FrenchPractice,,,
r/FrenchProblems,,,
r/frenchpunk,,,
r/frenchrock,,,
r/frenchsissy,,,
r/FrenchSmash,,,
r/frenchsolutions,,,
r/frenchtarot,,,
r/frenchtiktoker,,,
r/frenchtourist,,,
r/frenchtrees,,,
r/frenchworldproblems,,,
r/frenchyoutube,,,
r/frenchyoutubefeet,,,
r/FresquesEtMosaiques,,,
r/Fribourg,,,
r/FrontdeGauche,,,
r/frvideos,,,
r/fuckpsg,,,
r/Fwance,,,
r/FWPFrancais,,,
r/GABON,,,
r/gamingmontreal,,,
r/garorock,,,
r/gaspe,,,
r/Gaullism,,,
r/gay_france,,,
r/GenerationsMvt_Lille,,,
r/Geneve,,,
r/Geopolitiko,,,
r/GGI,,,
r/GiletJauneCircleJerk,,,
r/Gilets_Jaunes,,,
r/GirondinsDeBordeaux,,,
r/Gnrance,,,
r/GnulinuxFR,,,
r/GolfenFrancais,,,
r/GommeBaloune,,,
r/GoneWildFR,,,
r/GoneWildFrance,,,
r/GoneWildQC,,,
r/GrandesEnigmes,,,
r/GrandRemplacement,,,
r/GrenobleLyon,,,
r/guessthefrenchmovie,,,
r/hailfrench,,,
r/HairySwingersMontreal,,,
r/HamonPourPresident,,,
r/Hexagone,,,
r/homelabfr,,,
r/HORRIFIX,,,
r/houblon,,,
r/IA101,,,
r/IHateFrance,,,
r/Impropaganda,,,
r/Indila,,,
r/influenceusefr,,,
r/infoman,,,
r/informanique,,,
r/Iqaluit,,,
r/islamophobie,,,
r/IvoryCoast,,,
r/JacquesBrel,,,
r/jai14ansetcestprofond,,,
r/Jambon,,,
r/Japonismes2018,,,
r/jardinage,,,
r/jeanjacquesgoldman,,,
r/JesuisFrensoaria,,,
r/jeuvideo,,,
r/jeuxderole,,,
r/jeuxetc,,,
r/joliespieds,,,
r/JoycaFam,,,
r/Judo_FR,,,
r/julesverne,,,
r/Justicedeclasse,,,
r/justmarseillethings,,,
r/justparisthings,,,
r/Kahnawake,,,
r/Kidsclae,,,
r/KodiQuebec,,,
r/Koreus,,,
r/Koulikoro,,,
r/kozah,,,
r/kulhulmcilh,,,
r/la_gauche,,,
r/lachine,,,
r/ladepression,,,
r/lafamilledechapalyn,,,
r/Lalibre,,,
r/Laurentides,,,
r/Lavannes,,,
r/LCEEQ,,,
r/le_canard,,,
r/leagueoflegendsFR,,,
r/leakfr,,,
r/Leanazaoui,,,
r/ledijonshow,,,
r/legorafi,,,
r/LeGrandBornand,,,
r/Legranddebat,,,
r/Lehavre,,,
r/LeliteIntellectuelle,,,
r/leMeilleurCoin,,,
r/LesMemesFrancais,,,
r/LesTaxisSontDesCons,,,
r/LetsTalkinFrench,,,
r/LGBTNews_Francais,,,
r/Liban,,,
r/liberalisme,,,
r/Liberate_Canada,,,
r/LiberationTotale,,,
r/Limousin,,,
r/Linuxfr,,,
r/Livresfr,,,
r/locationvoituremaroc,,,
r/logiciels_libres,,,
r/Loriage,,,
r/LoveLaetitiaCasta,,,
r/LPC_PLC,,,
r/LyaDash,,,
r/LysandreNadeaux,,,
r/madmoizelle,,,
r/MadWin,,,
r/Maghrebis,,,
r/MakeNewFriendsFR,,,
r/Malaise,,,
r/Maman,,,
r/mangerbouger,,,
r/Mano,,,
r/MapsWithoutQuebec,,,
r/mareactionquand,,,
r/MarieJo,,,
r/Marine_Le_Pen,,,
r/Mariofrance,,,
r/MarioMaker2FR,,,
r/Marrakech,,,
r/marseilletvseries,,,
r/Martinique,,,
r/marxisme,,,
r/Mauritania,,,
r/mecsfous,,,
r/MedecineEsthetiqueFr,,,
r/Melanchon,,,
r/MemesFR,,,
r/MemeTresMobile,,,
r/MenuBestOf,,,
r/Meovely,,,
r/MFrance,,,
r/MGTOW_SuisseRomande,,,
r/misophonie,,,
r/ModCertification201FR,,,
r/MonPetitFrancais,,,
r/MontaigneHebdomadaire,,,
r/montdemarsan,,,
r/Montreal_FR,,,
r/Montreal_Vapers,,,
r/montrealbands,,,
r/montrealbars,,,
r/MontrealBazaar,,,
r/montrealcirclejerk,,,
r/MontrealFood,,,
r/MontrealFrancais,,,
r/MontrealGangbangClub,,,
r/Montrealgo,,,
r/Montrealgonewild,,,
r/Montrealgw,,,
r/MontrealMeetup,,,
r/MontrealSeddit,,,
r/MontrealUltimate,,,
r/MontSaintMichel,,,
r/MontTremblant,,,
r/MountPearl,,,
r/MovieMultiLang,,,
r/mtlfilmmakers,,,
r/mtlrave,,,
r/musculation,,,
r/Naoned,,,
r/narbonne,,,
r/NationalismeQuebecois,,,
r/NCR,,,
r/NetflixCanada,,,
r/Netflixfr,,,
r/NewfoundlandCovid19,,,
r/newmusicFR,,,
r/NHKEasyNewsFR,,,
r/nicegirlFrance,,,
r/Nicois,,,
r/NoMansSkyFrance,,,
r/Normandythenandnow,,,
r/NotreDameCathedral,,,
r/nouveauproduit,,,
r/nouvelle_caledonie,,,
r/nouvelles,,,
r/NouvelleTaglineDuSub,,,
r/nucleaire,,,
r/numerama,,,
r/Nunangat,,,
r/Objetsinsolites,,,
r/OccuponsMontreal,,,
r/okmignondroch,,,
r/OnePieceFR,,,
r/OnPeutPlusRienDire,,,
r/OracleJobs,,,
r/orleansfr,,,
r/OuinOuin,,,
r/ParionsSport,,,
r/paris_tmp,,,
r/ParisSG,,,
r/ParlonsSerie,,,
r/PartiPirateQC,,,
r/PartyEmpire,,,
r/patisserie,,,
r/Pau,,,
r/PeaceCountry,,,
r/Pejoratif_Et_Vulgaire,,,
r/pensons_baguette,,,
r/PeoplesPartyofCanada,,,
r/perdu,,,
r/PetitEscalier,,,
r/Philipperisoli,,,
r/photographes,,,
r/Pictou,,,
r/Pierrefonds,,,
r/PLCanadiens,,,
r/PoitouDebout,,,
r/PokemonGoAndroid,,,
r/PokemonGoFR,,,
r/PokemonGoFra,,,
r/PokemonGoParis,,,
r/PolComCirculation,,,
r/PolComCyber,,,
r/politique,,,
r/PolitiqueQuebec,,,
r/polnareff,,,
r/Pontoise,,,
r/PoppersPowerPurple,,,
r/PornFrancais,,,
r/pornfrance,,,
r/pornofrancais,,,
r/Pourdevrai,,,
r/PourToi,,,
r/PoutineIsQuebecois,,,
r/Procrastination2,,,
r/profs_de_francais,,,
r/programmeursquebec,,,
r/proprietaires,,,
r/province,,,
r/putetelerealite,,,
r/PythonFr,,,
r/quebarnak,,,
r/Quebec_Vape,,,
r/QUEBECENTS,,,
r/quebecindependant,,,
r/QuebecJobs,,,
r/QuebecLevis,,,
r/quebecnomic,,,
r/QuebecNordiques,,,
r/quebecnsfw,,,
r/Quebecois,,,
r/QuestionsDeLangue,,,
r/quoifaireamontreal,,,
r/quoimanger,,,
r/r4rFrance,,,
r/r4rQuebec,,,
r/Radins,,,
r/ragefrance,,,
r/RapDuSud,,,
r/RapFR,,,
r/rCanadaSuce,,,
r/RdvTech,,,
r/Recette,,,
r/recherches,,,
r/recitserotiques,,,
r/RedditFr,,,
r/RedditNewbieFR,,,
r/reformequebec,,,
r/regimeFR,,,
r/RenaultSport,,,
r/RencontresNormandie,,,
r/RepressionMPT,,,
r/RepubliqueOuvriere,,,
r/ResFrance,,,
r/revenudebase,,,
r/rinsa,,,
r/RobuxFrancais,,,
r/romandie,,,
r/rpjh,,,
r/RSSLeMonde,,,
r/rue89,,,
r/Ruffin,,,
r/Saguenay,,,
r/saintdenis,,,
r/SaintDenisQuebec,,,
r/saintlaurent,,,
r/saintomer,,,
r/saintraphael,,,
r/SalutLesGeeks,,,
r/samediecriture,,,
r/santementale,,,
r/savoirvivre,,,
r/ScienceFr,,,
r/SciencePure,,,
r/securiteinformatique,,,
r/Sedan,,,
r/seineetmarne,,,
r/SEOFR,,,
r/SergeGainsbourg,,,
r/SeriesFr,,,
r/ServetteFC,,,
r/Sexualite,,,
r/shitfrenchbasherssay,,,
r/ShitPostCoco,,,
r/ShopGiulietta,,,
r/sjsr,,,
r/SnapchatFR,,,
r/SoccerQuebec,,,
r/sociologie,,,
r/Sorbonne,,,
r/Sortie,,,
r/spagot,,,
r/SquaredCircle_FR,,,
r/staderennais,,,
r/StardustYoutube,,,
r/sthyacinthe,,,
r/Stockilleur,,,
r/stoique,,,
r/StreetwearFrance,,,
r/stromae,,,
r/SuccessRich,,,
r/SwanRiver,,,
r/TahitiEvent,,,
r/tamere,,,
r/taule,,,
r/TechnoFrench,,,
r/the_Fillon,,,
r/The_LePen,,,
r/the_macron,,,
r/TheGrits,,,
r/TheSoundOfAntifa,,,
r/tiers_lieu,,,
r/TiktokFR,,,
r/Top14,,,
r/toulouseVillerose,,,
r/TownOfBanff,,,
r/Traductions,,,
r/TranslateForMe,,,
r/treesQC,,,
r/TribuDeDana,,,
r/Trollodrome,,,
r/Tuatafa,,,
r/tukifporno,,,
r/TunisiaNews,,,
r/Tvpc_News,,,
r/UMukhasimAutoNews,,,
r/UnAnDeGuerreEtPaix,,,
r/UnbiasedCanada,,,
r/University_Of_Regina,,,
r/unjournormalenrance,,,
r/UOITGameDev,,,
r/UPRFR,,,
r/uselesssarcasmtag,,,
r/Valais,,,
r/Vallan,,,
r/VapingenFrance,,,
r/vapotage,,,
r/Vasles,,,
r/Vege,,,
r/VeloMontreal,,,
r/VeloQuebec,,,
r/VendrediMusique,,,
r/verdon,,,
r/Versailles,,,
r/VFComplet,,,
r/vichy,,,
r/victoriaville,,,
r/VideosFrancais,,,
r/videosfrance,,,
r/Vie2Merde,,,
r/Vilaine,,,
r/Villeurbanne,,,
r/vincentdidier,,,
r/Vosges,,,
r/voyageilemaurice,,,
r/VraieFrance,,,
r/wakfu_fr,,,
r/Wallonie,,,
r/WeAreParisians,,,
r/WeComeFromFrance,,,
r/Weyburn,,,
r/WhereInMontreal,,,
r/WMDJ,,,
r/WTFKeVsuReddit,,,
r/XrYouthVQ,,,
r/Yorkton,,,
r/Youtube_france,,,
r/youtubefr,,,
r/YOUTUBEFRANCE,,,
r/YOUTUBEMEMEFR,,,
r/YrkRegion,,,
r/Zebres,,,
